rank_in_wilaya,WILAYA,COMMUNE,ZONE_RPA,nb_polices,capital_B,pml_B,prime_M
1,ALGER,ALGER,Zone III,1324,62.704,18.811,32.7
2,ALGER,ROUIBA,Zone III,1000,18.76,5.628,10.2
3,ALGER,CHERAGA ALGER,Zone III,1891,14.926,4.478,7.8
4,ALGER,BEB EZZOUAR,Zone III,586,12.726,3.818,5.2
5,ALGER,STAOUELI,Zone III,530,10.128,3.038,5.6
6,ALGER,BARAKI,Zone III,865,9.285,2.786,5.1
7,ALGER,EL BIAR,Zone III,298,7.987,2.396,4.0
1,BLIDA,MOUZAIA,Zone III,24,7.233,2.17,1.0
8,ALGER,DAR EL BEIDA,Zone III,1145,7.169,2.151,4.2
9,ALGER,BIRTOUTA,Zone III,973,6.824,2.047,3.6
10,ALGER,HYDRA,Zone III,439,6.806,2.042,4.2
1,BOUMERDES,LARBATACHE,Zone IIb,59,6.606,1.321,1.7
2,BLIDA,BLIDA,Zone III,1250,6.56,1.968,3.9
11,ALGER,BIR KHADEM,Zone III,1245,6.428,1.928,4.3
12,ALGER,KOUBA,Zone III,1295,6.427,1.928,4.7
1,AIN DEFLA,AIN-DEFLA,Zone IIb,857,4.725,0.945,3.0
13,ALGER,BABA HASSEN,Zone III,749,4.621,1.386,2.9
2,BOUMERDES,TIDJELABINE,Zone III,44,4.355,1.306,1.2
14,ALGER,DOUERA,Zone III,631,4.221,1.266,2.5
15,ALGER,DELY BRAHIM,Zone III,573,4.145,1.243,2.8
3,BOUMERDES,OULED MOUSSA,Zone IIb,612,4.121,0.824,2.2
16,ALGER,OULED FAYET,Zone III,706,4.1,1.23,2.7
17,ALGER,MOHAMMADIA ALGER,Zone III,801,4.097,1.229,2.9
1,TIPAZA,TIPAZA,Zone III,1270,4.072,1.222,3.1
2,TIPAZA,HADJOUT,Zone III,1571,3.998,1.2,3.1
18,ALGER,LES EUCALYPTUS,Zone III,1219,3.781,1.134,3.4
1,MEDEA,MEDEA,Zone IIb,717,3.779,0.756,2.3
19,ALGER,BORDJ EL KIFFAN,Zone III,741,3.629,1.089,2.6
20,ALGER,AIN BENIAN (ALGER),Zone III,867,3.371,1.011,2.6
4,BOUMERDES,BOUMERDES,Zone III,544,3.252,0.976,2.1
2,AIN DEFLA,TIBERKANINE,Zone IIb,506,3.24,0.648,1.2
5,BOUMERDES,KHEMIS EL KHECHNA,Zone IIb,306,3.119,0.624,1.7
21,ALGER,BOUZAREAH,Zone III,316,2.763,0.829,1.5
22,ALGER,KHRAISSIA,Zone III,424,2.716,0.815,1.6
23,ALGER,REGHAIA,Zone III,821,2.555,0.766,1.8
3,AIN DEFLA,ARIB,Zone IIb,25,2.527,0.505,1.2
24,ALGER,EL ACHOUR,Zone III,355,2.464,0.739,1.3
25,ALGER,DRARIA,Zone III,422,2.456,0.737,1.7
26,ALGER,BIR MOURAD RAIS,Zone III,541,2.38,0.714,1.8
27,ALGER,SIDI MOUSSA,Zone III,409,2.359,0.708,1.6
28,ALGER,MAHELMA,Zone III,420,2.344,0.703,1.3
29,ALGER,ZERALDA,Zone III,612,2.342,0.703,1.6
30,ALGER,HUSSEIN DEY,Zone III,190,2.301,0.69,1.0
31,ALGER,EL HARRACH,Zone III,486,2.246,0.674,1.6
3,BLIDA,OULED YAICH BLIDA,Zone III,820,2.164,0.649,2.1
32,ALGER,OUED SMAR,Zone III,145,2.131,0.639,1.1
33,ALGER,EL MOURADIA,Zone III,379,2.032,0.61,1.8
6,BOUMERDES,DELLYS,Zone III,429,1.951,0.585,1.6
3,TIPAZA,BOU ISMAIL,Zone III,341,1.714,0.514,1.1
7,BOUMERDES,EL KHARROUBA,Zone IIb,18,1.706,0.341,0.8
34,ALGER,BORDJ EL BAHRI,Zone III,284,1.677,0.503,1.0
4,BLIDA,LARBAA BLIDA,Zone IIb,77,1.642,0.328,0.9
35,ALGER,OULED CHEBEL,Zone III,182,1.607,0.482,0.8
5,BLIDA,SOUMAA BLIDA,Zone III,265,1.456,0.437,0.7
36,ALGER,SOUIDANIA,Zone III,328,1.455,0.437,1.1
37,ALGER,SAOULA,Zone III,207,1.341,0.402,0.8
38,ALGER,DJISR KSENTINA,Zone III,299,1.151,0.345,0.8
8,BOUMERDES,CORSO,Zone III,75,1.115,0.334,0.4
9,BOUMERDES,ISSER,Zone IIb,318,1.035,0.207,0.8
6,BLIDA,BOUFARIK,Zone III,325,1.024,0.307,0.8
39,ALGER,BOUROUBA,Zone III,399,0.958,0.287,0.9
1,TIZI OUZOU,MIZRANA,Zone IIb,76,0.952,0.19,0.5
40,ALGER,SIDI MHAMED ALGER,Zone III,223,0.891,0.267,0.7
10,BOUMERDES,HAMMEDI,Zone IIb,105,0.887,0.177,0.5
1,CHLEF,OULED FARES,Zone III,9,0.865,0.26,0.4
41,ALGER,HARAOUA,Zone III,215,0.828,0.249,0.6
2,CHLEF,BOUKADIR,Zone IIb,190,0.817,0.163,0.5
11,BOUMERDES,BOUDOUAOU,Zone III,192,0.782,0.235,0.5
42,ALGER,BACH DJERRAH,Zone III,289,0.781,0.234,0.7
43,ALGER,AIN TAYA,Zone III,75,0.704,0.211,0.4
4,TIPAZA,KHEMISTI TIPAZA,Zone III,70,0.648,0.194,0.2
12,BOUMERDES,BAGHLIA,Zone IIb,96,0.647,0.129,0.5
7,BLIDA,BOUINAN,Zone III,224,0.607,0.182,0.4
44,ALGER,BENI MESSOUS,Zone III,94,0.554,0.166,0.3
45,ALGER,TESSALA,Zone III,32,0.541,0.162,0.2
8,BLIDA,GUERROUAOU,Zone III,154,0.478,0.143,0.4
13,BOUMERDES,BOUDOUAOU EL BAHRI,Zone III,87,0.477,0.143,0.3
46,ALGER,BEN AKNOUN,Zone III,111,0.44,0.132,0.4
14,BOUMERDES,THENIA,Zone III,45,0.439,0.132,0.2
3,CHLEF,CHLEF,Zone III,126,0.435,0.13,0.3
47,ALGER,BAB EL OUED,Zone III,118,0.432,0.13,0.3
5,TIPAZA,BOURKIKA,Zone III,158,0.403,0.121,0.4
9,BLIDA,BENI TAMOU,Zone III,99,0.399,0.12,0.3
10,BLIDA,BENI MERED,Zone III,151,0.393,0.118,0.3
6,TIPAZA,DOUAOUDA,Zone III,93,0.384,0.115,0.3
7,TIPAZA,KOLEA,Zone III,111,0.378,0.113,0.3
8,TIPAZA,MEURAD,Zone III,158,0.368,0.11,0.3
11,BLIDA,CHEBLI,Zone III,55,0.351,0.105,0.2
12,BLIDA,BOUGARA BLIDA,Zone IIb,110,0.34,0.068,0.2
48,ALGER,BOUMERDES,Zone III,64,0.337,0.101,0.2
9,TIPAZA,AHMER EL AIN,Zone III,123,0.334,0.1,0.3
4,AIN DEFLA,DJELIDA,Zone III,43,0.333,0.1,0.2
15,BOUMERDES,ZEMMOURI,Zone III,43,0.322,0.097,0.2
16,BOUMERDES,BORDJ MENAIEL,Zone IIb,89,0.319,0.064,0.2
10,TIPAZA,CHERCHEL,Zone III,75,0.308,0.093,0.2
11,TIPAZA,FOUKA,Zone III,66,0.286,0.086,0.2
12,TIPAZA,NADOR,Zone III,88,0.278,0.083,0.2
17,BOUMERDES,OULED HADJADJ,Zone III,67,0.274,0.082,0.2
49,ALGER,RAIS HAMIDOU,Zone III,66,0.262,0.079,0.2
50,ALGER,RAHMANIA,Zone III,63,0.261,0.078,0.2
13,TIPAZA,GOURAYA,Zone III,94,0.259,0.078,0.2
51,ALGER,EL MADANIA,Zone III,56,0.258,0.077,0.2
52,ALGER,BOUFARIK,Zone III,23,0.235,0.07,0.1
14,TIPAZA,SIDI RACHED,Zone III,90,0.228,0.068,0.2
1,RELIZANE,OUED RHIOU,Zone IIb,4,0.221,0.044,0.0
18,BOUMERDES,NACIRIA,Zone IIb,27,0.22,0.044,0.2
53,ALGER,BEJAIA,Zone III,6,0.215,0.064,0.1
54,ALGER,BAINS ROMAINS,Zone III,30,0.198,0.059,0.2
5,AIN DEFLA,KHEMIS MILIANA,Zone III,25,0.188,0.056,0.1
55,ALGER,AIN BENIAN (AIN DEFLA),Zone III,14,0.179,0.054,0.1
19,BOUMERDES,AFIR,Zone IIb,28,0.176,0.035,0.1
15,TIPAZA,SIDI AMER,Zone III,75,0.176,0.053,0.2
20,BOUMERDES,SIDI DAOUD,Zone III,71,0.174,0.052,0.2
16,TIPAZA,AIN TAGOURAIT,Zone III,42,0.169,0.051,0.1
56,ALGER,TASSALA EL MERDJA,Zone III,33,0.168,0.05,0.1
57,ALGER,AIN NAGA,Zone III,45,0.168,0.05,0.1
17,TIPAZA,MENACEUR,Zone III,68,0.168,0.05,0.2
18,TIPAZA,DAMOUS,Zone III,44,0.158,0.048,0.1
58,ALGER,BOUINAN,Zone III,40,0.157,0.047,0.1
6,AIN DEFLA,ROUINA,Zone IIb,51,0.152,0.03,0.1
19,TIPAZA,CHAIBA,Zone III,30,0.151,0.045,0.1
20,TIPAZA,SIDI AMAR TIPAZA,Zone III,30,0.138,0.042,0.1
21,BOUMERDES,TAOURGA,Zone IIb,60,0.138,0.028,0.2
59,ALGER,BOUDOUAOU,Zone III,20,0.137,0.041,0.1
60,ALGER,BLIDA,Zone III,37,0.135,0.04,0.1
13,BLIDA,MEFTAH,Zone IIb,39,0.135,0.027,0.1
4,CHLEF,OUED SLY,Zone IIb,54,0.134,0.027,0.2
7,AIN DEFLA,EL AMRA,Zone IIb,48,0.131,0.026,0.1
61,ALGER,TIPAZA,Zone III,31,0.128,0.038,0.1
21,TIPAZA,LARHAT,Zone III,37,0.128,0.038,0.1
8,AIN DEFLA,BOURACHED,Zone IIb,48,0.127,0.025,0.1
14,BLIDA,BOUARFA,Zone III,51,0.124,0.037,0.1
15,BLIDA,OUED EL ALLEUG,Zone III,41,0.123,0.037,0.1
62,ALGER,BORDJ BOU ARRERIDJ,Zone III,2,0.121,0.036,0.0
22,BOUMERDES,OULED HEDADJ,Zone III,37,0.115,0.034,0.1
16,BLIDA,OULED SLAMA,Zone IIb,22,0.113,0.023,0.1
63,ALGER,OULED MOUSSA,Zone III,19,0.111,0.033,0.1
64,ALGER,CASBAH,Zone III,33,0.109,0.033,0.1
22,TIPAZA,SIDI GHILES,Zone III,34,0.108,0.032,0.1
5,CHLEF,TENES,Zone III,12,0.099,0.03,0.0
23,TIPAZA,BOUHAROUN,Zone III,38,0.093,0.028,0.1
6,CHLEF,OUED FODDA,Zone III,21,0.091,0.027,0.0
23,BOUMERDES,BEN CHOUD,Zone IIb,40,0.087,0.017,0.1
65,ALGER,KOLEA,Zone III,11,0.085,0.025,0.1
66,ALGER,EL MAGHARIA,Zone III,11,0.084,0.025,0.1
67,ALGER,CHEBLI,Zone III,10,0.082,0.025,0.0
68,ALGER,KHEMIS EL KHECHNA,Zone III,12,0.069,0.021,0.0
24,TIPAZA,MESSELMOUN,Zone III,20,0.067,0.02,0.0
9,AIN DEFLA,AIN BENIAN (AIN DEFLA),Zone III,6,0.065,0.02,0.0
17,BLIDA,BEN KHELIL,Zone III,32,0.065,0.019,0.1
24,BOUMERDES,SI MUSTAPHA,Zone III,27,0.063,0.019,0.0
69,ALGER,OUED KORICHE,Zone III,16,0.062,0.019,0.0
70,ALGER,BOU ISMAIL,Zone III,6,0.061,0.018,0.0
25,BOUMERDES,REGHAIA,Zone III,8,0.061,0.018,0.1
7,CHLEF,EL MARSA CHLEF,Zone III,3,0.061,0.018,0.0
18,BLIDA,SIDI MOUSSA,Zone III,2,0.06,0.018,0.0
71,ALGER,HAMMEDI,Zone III,14,0.056,0.017,0.0
72,ALGER,BOLOGHINE IBN ZIRI,Zone III,22,0.056,0.017,0.0
10,AIN DEFLA,AIN SOLTANE AIN DEFLA,Zone III,8,0.054,0.016,0.0
26,BOUMERDES,DJINET,Zone III,17,0.053,0.016,0.1
8,CHLEF,SOBHA,Zone III,26,0.047,0.014,0.1
73,ALGER,MEFTAH,Zone III,15,0.046,0.014,0.0
74,ALGER,MSILA,Zone III,4,0.045,0.014,0.0
75,ALGER,LARBAA BLIDA,Zone III,8,0.045,0.014,0.0
76,ALGER,HAMMAMET,Zone III,18,0.044,0.013,0.0
11,AIN DEFLA,MEKHATRIA,Zone IIb,11,0.044,0.009,0.0
77,ALGER,EL MARSA ALGER,Zone III,7,0.042,0.013,0.0
12,AIN DEFLA,DJENDEL,Zone III,5,0.042,0.013,0.0
1,MOSTAGANEM,OULED MAALAH,Zone IIb,2,0.039,0.008,0.0
78,ALGER,DOUAOUDA,Zone III,10,0.038,0.011,0.0
19,BLIDA,CHIFFA,Zone III,16,0.037,0.011,0.0
9,CHLEF,EL KARIMIA,Zone IIb,18,0.036,0.007,0.0
25,TIPAZA,HATTATBA,Zone III,10,0.035,0.011,0.0
13,AIN DEFLA,MILIANA,Zone IIb,8,0.035,0.007,0.0
14,AIN DEFLA,INCONNU,Zone III,7,0.033,0.01,0.0
79,ALGER,CHERCHAR,Zone III,8,0.032,0.01,0.0
26,TIPAZA,ECH CHAIBA,Zone III,3,0.031,0.009,0.0
1,INCONNU,INCONNU,Zone III,10,0.03,0.009,0.0
15,AIN DEFLA,ZEDDINE,Zone IIb,12,0.03,0.006,0.0
80,ALGER,GHARDAIA,Zone III,3,0.029,0.009,0.0
10,CHLEF,CHETTIA,Zone III,9,0.028,0.008,0.0
81,ALGER,TIZI OUZOU,Zone III,9,0.027,0.008,0.0
27,BOUMERDES,SOUK EL KHEMIS,Zone III,4,0.025,0.008,0.0
82,ALGER,EL MEHARA,Zone III,2,0.025,0.007,0.0
11,CHLEF,AIN MERANE,Zone III,9,0.024,0.007,0.0
16,AIN DEFLA,BORDJ EMIR KHALED,Zone III,2,0.022,0.007,0.0
12,CHLEF,BENI RACHED,Zone III,8,0.022,0.006,0.0
83,ALGER,GUERROUAOU,Zone III,2,0.022,0.006,0.0
28,BOUMERDES,BENI AMRANE,Zone IIb,10,0.021,0.004,0.0
84,ALGER,OULED SLAMA,Zone III,2,0.021,0.006,0.0
13,CHLEF,OUED GHOUSSINE,Zone III,6,0.021,0.006,0.0
85,ALGER,BOUIRA,Zone III,4,0.02,0.006,0.0
86,ALGER,DIDOUCHE MOURAD,Zone III,9,0.02,0.006,0.0
87,ALGER,INCONNU,Zone III,7,0.02,0.006,0.0
27,TIPAZA,HADJERET ENNOUS,Zone III,4,0.019,0.006,0.0
88,ALGER,ADRAR,Zone III,4,0.019,0.006,0.0
29,BOUMERDES,SOUK EL HAD BOUMERDES,Zone III,9,0.019,0.006,0.0
89,ALGER,LARBATACHE,Zone III,4,0.018,0.005,0.0
90,ALGER,TERRAI BAINEM,Zone III,9,0.018,0.005,0.0
17,AIN DEFLA,TACHTA ZEGARRA,Zone III,5,0.018,0.005,0.0
14,CHLEF,SOUMAA BLIDA,Zone III,1,0.018,0.005,0.0
20,BLIDA,HADJOUT,Zone III,9,0.018,0.005,0.0
21,BLIDA,EL AFFROUN,Zone III,8,0.018,0.005,0.0
91,ALGER,BENI AMRANE,Zone III,2,0.018,0.005,0.0
92,ALGER,BOUDOUAOU EL BAHRI,Zone III,4,0.017,0.005,0.0
30,BOUMERDES,KHEMIS MILIANA,Zone III,4,0.016,0.005,0.0
93,ALGER,BOGHNI,Zone III,3,0.015,0.004,0.0
28,TIPAZA,ZERALDA,Zone III,5,0.015,0.005,0.0
94,ALGER,DARGUINA,Zone III,3,0.015,0.005,0.0
18,AIN DEFLA,TIBERGUENT,Zone III,2,0.014,0.004,0.0
31,BOUMERDES,HAMADIA,Zone IIb,7,0.014,0.003,0.0
29,TIPAZA,SIDI MOUSSA,Zone III,7,0.014,0.004,0.0
95,ALGER,OULED HADJADJ,Zone III,2,0.013,0.004,0.0
96,ALGER,SETIF,Zone III,4,0.012,0.004,0.0
30,TIPAZA,MAHELMA,Zone III,3,0.012,0.004,0.0
97,ALGER,DRAA ESSMAR,Zone III,3,0.012,0.004,0.0
98,ALGER,MOSTAGANEM,Zone III,2,0.012,0.004,0.0
99,ALGER,ORAN,Zone III,3,0.012,0.004,0.0
32,BOUMERDES,HAMADI KROUMA,Zone III,1,0.012,0.003,0.0
15,CHLEF,TAOUGRITE,Zone III,5,0.012,0.004,0.0
22,BLIDA,OUED DJER,Zone III,4,0.011,0.003,0.0
100,ALGER,KHEMIS MILIANA,Zone III,2,0.011,0.003,0.0
19,AIN DEFLA,SIDI LAKHDAR AIN DEFLA,Zone III,3,0.011,0.003,0.0
20,AIN DEFLA,HAMMAM RIGHA,Zone IIb,3,0.01,0.002,0.0
31,TIPAZA,BOUFARIK,Zone III,4,0.01,0.003,0.0
101,ALGER,BABAR,Zone III,2,0.01,0.003,0.0
102,ALGER,CHERCHEL,Zone III,1,0.01,0.003,0.0
103,ALGER,CHERAGA MILA,Zone III,1,0.01,0.003,0.0
23,BLIDA,OULED SELLAM,Zone IIb,1,0.01,0.002,0.0
32,TIPAZA,SIDI MHAMED ALGER,Zone III,4,0.01,0.003,0.0
21,AIN DEFLA,EL MAYENE,Zone III,3,0.009,0.003,0.0
2,MOSTAGANEM,ACHAACHA,Zone III,3,0.009,0.003,0.0
22,AIN DEFLA,BOUMEDFAA,Zone IIb,5,0.009,0.002,0.0
33,TIPAZA,SOUIDANIA,Zone III,2,0.009,0.003,0.0
16,CHLEF,OULED ABBES,Zone III,3,0.009,0.003,0.0
104,ALGER,EL BORDJ,Zone III,1,0.009,0.003,0.0
34,TIPAZA,EL HARRACH,Zone III,3,0.008,0.002,0.0
35,TIPAZA,CHERAGA ALGER,Zone III,2,0.008,0.002,0.0
24,BLIDA,HUSSEIN DEY,Zone III,2,0.008,0.002,0.0
105,ALGER,TAMANRASSET,Zone III,1,0.008,0.002,0.0
36,TIPAZA,EL BIAR,Zone III,3,0.008,0.002,0.0
23,AIN DEFLA,EL MAIN,Zone III,3,0.008,0.002,0.0
106,ALGER,BORDJ MENAIEL,Zone III,1,0.007,0.002,0.0
24,AIN DEFLA,TAMZOUGHA,Zone III,2,0.007,0.002,0.0
33,BOUMERDES,LAGHATA,Zone III,3,0.007,0.002,0.0
25,BLIDA,OULED YAICH RELIZANE,Zone III,2,0.007,0.002,0.0
107,ALGER,BOUZGUEN,Zone III,1,0.007,0.002,0.0
108,ALGER,EL ACHIR,Zone III,1,0.007,0.002,0.0
109,ALGER,SEHAILIA,Zone III,2,0.007,0.002,0.0
110,ALGER,SIDI FREDJ,Zone III,1,0.007,0.002,0.0
111,ALGER,OULED YAICH BLIDA,Zone III,2,0.007,0.002,0.0
112,ALGER,FOUKA,Zone III,2,0.006,0.002,0.0
113,ALGER,DELLYS,Zone III,1,0.006,0.002,0.0
114,ALGER,CONSTANTINE,Zone III,2,0.006,0.002,0.0
115,ALGER,SOUMAA BLIDA,Zone III,1,0.006,0.002,0.0
34,BOUMERDES,SIDI MOUSSA,Zone III,2,0.006,0.002,0.0
35,BOUMERDES,OULED AISSA BOUMERDES,Zone III,3,0.006,0.002,0.0
36,BOUMERDES,BOUZEGZA KEDDARA,Zone IIb,1,0.006,0.001,0.0
37,BOUMERDES,DJANET,Zone III,3,0.006,0.002,0.0
26,BLIDA,TIPAZA,Zone III,2,0.005,0.001,0.0
37,TIPAZA,OULED FAYET,Zone III,1,0.005,0.001,0.0
38,BOUMERDES,ROUIBA,Zone III,2,0.005,0.001,0.0
116,ALGER,MEDEA,Zone III,1,0.005,0.002,0.0
25,AIN DEFLA,AIN TORKI,Zone IIb,1,0.005,0.001,0.0
117,ALGER,BATNA,Zone III,2,0.005,0.002,0.0
118,ALGER,ECH CHAIBA,Zone III,1,0.005,0.002,0.0
17,CHLEF,LABIODH MEDJADJA,Zone III,2,0.005,0.002,0.0
119,ALGER,HAMMA ANASSERS,Zone III,1,0.005,0.001,0.0
39,BOUMERDES,OULED AISSA,Zone IIb,3,0.004,0.001,0.0
120,ALGER,BENDJERRAH,Zone III,1,0.004,0.001,0.0
3,MOSTAGANEM,OULED BOUGHALEM,Zone III,1,0.004,0.001,0.0
121,ALGER,OUED EL ALLEUG,Zone III,1,0.004,0.001,0.0
122,ALGER,DJELFA,Zone III,2,0.004,0.001,0.0
123,ALGER,BORDJ EL HAOUES,Zone III,1,0.004,0.001,0.0
124,ALGER,AKABILI,Zone III,1,0.004,0.001,0.0
125,ALGER,CHERAIA,Zone III,1,0.004,0.001,0.0
126,ALGER,BOUHAROUN,Zone III,2,0.004,0.001,0.0
127,ALGER,ZEDDINE,Zone III,1,0.004,0.001,0.0
128,ALGER,EL KHROUB,Zone III,2,0.004,0.001,0.0
27,BLIDA,SIDI AISSA,Zone III,2,0.004,0.001,0.0
40,BOUMERDES,HARAOUA,Zone III,1,0.004,0.001,0.0
28,BLIDA,CHREA,Zone III,1,0.004,0.001,0.0
38,TIPAZA,DELY BRAHIM,Zone III,1,0.004,0.001,0.0
39,TIPAZA,NADORAH,Zone III,1,0.003,0.001,0.0
41,BOUMERDES,BORDJ EL BAHRI,Zone III,1,0.003,0.001,0.0
26,AIN DEFLA,DHAYA,Zone III,1,0.003,0.001,0.0
2,RELIZANE,DJIDIOUIA,Zone IIb,1,0.003,0.001,0.0
40,TIPAZA,AIN NAGA,Zone III,1,0.003,0.001,0.0
129,ALGER,CHAIBA,Zone III,1,0.003,0.001,0.0
41,TIPAZA,EL KARIMIA,Zone III,1,0.003,0.001,0.0
42,TIPAZA,KHEMIS MILIANA,Zone III,1,0.003,0.001,0.0
43,TIPAZA,BERROUAGHIA,Zone III,1,0.003,0.001,0.0
18,CHLEF,BOUZEGHAIA,Zone III,1,0.003,0.001,0.0
130,ALGER,CORSO,Zone III,1,0.003,0.001,0.0
131,ALGER,LAGHOUAT,Zone III,1,0.003,0.001,0.0
19,CHLEF,ZEBOUDJA,Zone III,2,0.003,0.001,0.0
20,CHLEF,AIN-DEFLA,Zone III,1,0.003,0.001,0.0
132,ALGER,ZEMMOURI,Zone III,1,0.003,0.001,0.0
29,BLIDA,LES EUCALYPTUS,Zone III,1,0.003,0.001,0.0
30,BLIDA,DRARIA,Zone III,1,0.003,0.001,0.0
31,BLIDA,DOUERA,Zone III,1,0.003,0.001,0.0
44,TIPAZA,STAOUELI,Zone III,2,0.003,0.001,0.0
32,BLIDA,ALGER,Zone III,1,0.003,0.001,0.0
33,BLIDA,HAMMEDI,Zone III,2,0.002,0.001,0.0
45,TIPAZA,TELAGHMA,Zone III,1,0.002,0.001,0.0
46,TIPAZA,CHELGHOUM LAID,Zone III,1,0.002,0.001,0.0
133,ALGER,AZAZGA,Zone III,1,0.002,0.0,0.0
134,ALGER,ANNABA,Zone III,1,0.002,0.001,0.0
34,BLIDA,KOLEA,Zone III,1,0.002,0.001,0.0
42,BOUMERDES,BORDJ BOU ARRERIDJ,Zone III,1,0.002,0.001,0.0
43,BOUMERDES,BELIMOUR,Zone III,1,0.002,0.001,0.0
35,BLIDA,LARBATACHE,Zone III,1,0.002,0.001,0.0
44,BOUMERDES,OULED BRAHEM,Zone III,1,0.002,0.001,0.0
27,AIN DEFLA,CHLEF,Zone III,1,0.002,0.001,0.0
135,ALGER,DAR CHIOUKH,Zone III,1,0.002,0.001,0.0
47,TIPAZA,BOUDOUAOU,Zone III,1,0.002,0.001,0.0
21,CHLEF,ABOU EL HASSEN,Zone III,1,0.002,0.001,0.0
28,AIN DEFLA,BENI HAOUA,Zone III,1,0.002,0.001,0.0
29,AIN DEFLA,ADRAR,Zone III,1,0.002,0.001,0.0
136,ALGER,AIN EL MELH,Zone III,2,0.002,0.001,0.0
137,ALGER,AIN LAGRADJ,Zone III,1,0.002,0.001,0.0
22,CHLEF,SENDJAS,Zone IIb,2,0.002,0.0,0.0
23,CHLEF,OUM DROU,Zone III,3,0.002,0.001,0.0
138,ALGER,TADJENANET,Zone III,1,0.002,0.001,0.0
139,ALGER,BOUGARA BLIDA,Zone III,2,0.002,0.001,0.0
36,BLIDA,BARAKI,Zone III,2,0.002,0.001,0.0
37,BLIDA,BIRTOUTA,Zone III,2,0.002,0.0,0.0
140,ALGER,ROUINA,Zone III,1,0.002,0.001,0.0
38,BLIDA,AIN ROMANA,Zone IIb,1,0.002,0.0,0.0
141,ALGER,SKIKDA,Zone III,1,0.002,0.001,0.0
39,BLIDA,INCONNU,Zone III,1,0.001,0.0,0.0
30,AIN DEFLA,DJEMAA OULED CHEIKH,Zone III,1,0.001,0.0,0.0
45,BOUMERDES,INCONNU,Zone III,1,0.001,0.0,0.0
40,BLIDA,HAMMAM MELOUANE,Zone IIb,1,0.001,0.0,0.0
41,BLIDA,DELY BRAHIM,Zone III,1,0.001,0.0,0.0
42,BLIDA,SIDI GHILES,Zone III,1,0.001,0.0,0.0
43,BLIDA,MEURAD,Zone III,1,0.001,0.0,0.0
24,CHLEF,OUED RHIOU,Zone III,1,0.001,0.0,0.0
25,CHLEF,DAHRA,Zone III,1,0.001,0.0,0.0
26,CHLEF,BENAIRIA,Zone III,1,0.001,0.0,0.0
142,ALGER,SIDI AHMED,Zone III,1,0.001,0.0,0.0
143,ALGER,MILA,Zone III,1,0.001,0.0,0.0
2,MEDEA,EL HAMDANIA,Zone IIb,1,0.001,0.0,0.0
144,ALGER,SIDI LAKHDAR AIN DEFLA,Zone III,1,0.001,0.0,0.0
27,CHLEF,TIMOKTEN,Zone III,1,0.001,0.0,0.0
48,TIPAZA,AIN BENIAN (AIN DEFLA),Zone III,1,0.001,0.0,0.0
49,TIPAZA,BORDJ BADJI MOKHTAR,Zone III,1,0.001,0.0,0.0
145,ALGER,AIN TEDLES,Zone III,1,0.001,0.0,0.0
146,ALGER,BARBACHA,Zone III,1,0.001,0.0,0.0
